{"x": -5455131.602149505, "y": -584035.0067233366, "theta": 0.001423572306521237, "speed": 2.689879647369382, "target_speed": 7.0, "x_command": -5455114.895540711, "y_command": -584035.0008170435, "command": 4, "steer": -0.001, "throttle": 0.75, "brake": 0.0}