{"x": -5455129.846804559, "y": -584035.0076443179, "theta": 0.0014648438664153218, "speed": 4.152675236810974, "target_speed": 7.0, "x_command": -5455114.895540711, "y_command": -584035.0008170435, "command": 4, "steer": -0.001, "throttle": 0.75, "brake": 0.0}