{"x": -5455127.481156297, "y": -584035.0083450646, "theta": 6.2826972007751465, "speed": 5.24402691757013, "target_speed": 7.0, "x_command": -5455114.895540711, "y_command": -584035.0008170435, "command": 4, "steer": 0.001, "throttle": 0.75, "brake": 0.0}