{"x": -5455124.744061524, "y": -584035.0135305896, "theta": 6.280601501464844, "speed": 5.389508770053582, "target_speed": 0.0, "x_command": -5455114.895540711, "y_command": -584035.0008170435, "command": 4, "steer": 0.002, "throttle": 0.0, "brake": 1.0}