{"x": -5455123.626761644, "y": -584035.0118487978, "theta": 0.0003452669770922512, "speed": -0.00013794802813477371, "target_speed": 0.0, "x_command": -5455114.895540711, "y_command": -584035.0008170435, "command": 4, "steer": 0.001, "throttle": 0.0, "brake": 1.0}