{"x": -5455123.626624311, "y": -584035.0118487978, "theta": 0.0003452669770922512, "speed": 1.1990004991103956e-09, "target_speed": 0.0, "x_command": -5455114.895540711, "y_command": -584035.0008170435, "command": 4, "steer": 0.001, "throttle": 0.0, "brake": 1.0}