{"x": -5455123.620886741, "y": -584035.0118487978, "theta": 0.0003452669770922512, "speed": 0.044774298666287037, "target_speed": 7.0, "x_command": -5455114.895540711, "y_command": -584035.0008170435, "command": 4, "steer": 0.002, "throttle": 0.75, "brake": 0.0}