{"x": -5455123.346765257, "y": -584035.0117286697, "theta": 0.0014648438664153218, "speed": 1.291277144055383, "target_speed": 7.0, "x_command": -5455114.895540711, "y_command": -584035.0008170435, "command": 4, "steer": 0.001, "throttle": 0.75, "brake": 0.0}