{"x": -5455122.248951746, "y": -584035.0064029953, "theta": 0.004931403789669275, "speed": 2.8647399287137447, "target_speed": 7.0, "x_command": -5455100.892837299, "y_command": -584043.597456738, "command": 4, "steer": -0.003, "throttle": 0.75, "brake": 0.0}