{"x": -5455120.504685191, "y": -584035.0017980888, "theta": 0.005337704438716173, "speed": 4.058228337922826, "target_speed": 7.0, "x_command": -5455100.892837299, "y_command": -584043.597456738, "command": 4, "steer": -0.005, "throttle": 0.75, "brake": 0.0}