{"x": -5455118.421734248, "y": -584035.0008370648, "theta": 0.0006905339541845024, "speed": 4.156196224656809, "target_speed": 7.0, "x_command": -5455100.892837299, "y_command": -584043.597456738, "command": 1, "steer": -0.001, "throttle": 0.75, "brake": 0.0}