{"x": -5455116.055521384, "y": -584034.9994555928, "theta": 0.0003452669770922512, "speed": 5.3005025796620995, "target_speed": 7.0, "x_command": -5455100.892837299, "y_command": -584043.597456738, "command": 1, "steer": -0.001, "throttle": 0.75, "brake": 0.0}