{"x": -5455113.145460289, "y": -584034.9969529263, "theta": 6.2798027992248535, "speed": 6.2925080635204, "target_speed": 7.0, "x_command": -5455100.892837299, "y_command": -584043.597456738, "command": 1, "steer": -0.029, "throttle": 0.75, "brake": 0.0}