{"x": -5455109.771556466, "y": -584035.1042272267, "theta": 6.201532363891602, "speed": 7.069285517352277, "target_speed": 4, "x_command": -5455100.892837299, "y_command": -584043.597456738, "command": 1, "steer": -0.143, "throttle": 0.10925764690326616, "brake": 0.0}