{"x": -5455106.488690762, "y": -584035.5768107631, "theta": 5.9944610595703125, "speed": 6.304654872912414, "target_speed": 4, "x_command": -5455100.892837299, "y_command": -584043.597456738, "command": 1, "steer": -0.263, "throttle": 0.07800764690326616, "brake": 0.0}