{"x": -5455103.872863158, "y": -584036.5500477443, "theta": 5.686997890472412, "speed": 5.89535550053391, "target_speed": 4, "x_command": -5455100.892837299, "y_command": -584043.597456738, "command": 1, "steer": -0.356, "throttle": 0.046757646903266156, "brake": 0.0}