{"x": -5455102.19837825, "y": -584037.8666505808, "theta": 5.353268146514893, "speed": 4.268687636243449, "target_speed": 4, "x_command": -5455100.888610419, "y_command": -584077.7125262448, "command": 1, "steer": -0.368, "throttle": 0.01550764690326616, "brake": 0.0}