{"x": -5455101.527494759, "y": -584039.018878276, "theta": 5.102144241333008, "speed": 3.644345847474017, "target_speed": 4, "x_command": -5455100.888610419, "y_command": -584077.7125262448, "command": 1, "steer": -0.335, "throttle": 0.75, "brake": 0.0}