{"x": -5455101.208846084, "y": -584040.3304557579, "theta": 4.890681266784668, "speed": 3.9766897278340214, "target_speed": 4, "x_command": -5455100.888610419, "y_command": -584077.7125262448, "command": 4, "steer": -0.219, "throttle": 0.17018539990818712, "brake": 0.0}