{"x": -5455101.143764357, "y": -584041.5808280259, "theta": 4.768592834472656, "speed": 4.022837415613868, "target_speed": 7.0, "x_command": -5455100.888610419, "y_command": -584077.7125262448, "command": 4, "steer": -0.102, "throttle": 0.75, "brake": 0.0}