{"x": -5455101.153118425, "y": -584042.9737722039, "theta": 4.718822479248047, "speed": 4.26209318760314, "target_speed": 7.0, "x_command": -5455100.888610419, "y_command": -584077.7125262448, "command": 4, "steer": -0.017, "throttle": 0.75, "brake": 0.0}