{"x": -5455101.141460173, "y": -584044.4956938069, "theta": 4.723355770111084, "speed": 5.19077071501523, "target_speed": 7.0, "x_command": -5455100.888610419, "y_command": -584077.7125262448, "command": 4, "steer": 0.022, "throttle": 0.75, "brake": 0.0}