{"x": -5455101.05597651, "y": -584046.3675482624, "theta": 4.7445244789123535, "speed": 6.15683847914904, "target_speed": 7.0, "x_command": -5455100.888610419, "y_command": -584077.7125262448, "command": 4, "steer": 0.012, "throttle": 0.75, "brake": 0.0}