{"x": -5455100.93535024, "y": -584048.5490726703, "theta": 4.748263359069824, "speed": 7.115417149216093, "target_speed": 7.0, "x_command": -5455100.888610419, "y_command": -584077.7125262448, "command": 4, "steer": -0.008, "throttle": 0.11536207858873407, "brake": 0.0}