{"x": -5455100.836621337, "y": -584050.8461802317, "theta": 4.737157821655273, "speed": 6.721985735835335, "target_speed": 0.0, "x_command": -5455100.888610419, "y_command": -584077.7125262448, "command": 4, "steer": -0.0125, "throttle": 0.0, "brake": 1.0}