{"x": -5455100.809245813, "y": -584052.3938893111, "theta": 4.722602844238281, "speed": 1.8439150629870793, "target_speed": 0.0, "x_command": -5455100.888610419, "y_command": -584077.7125262448, "command": 4, "steer": -0.015, "throttle": 0.0, "brake": 1.0}