{"x": -5455100.808849065, "y": -584052.478979975, "theta": 4.72234582901001, "speed": -0.00045949009159336295, "target_speed": 0.0, "x_command": -5455100.888610419, "y_command": -584077.7125262448, "command": 4, "steer": -0.018, "throttle": 0.0, "brake": 1.0}