{"x": -5455100.808864325, "y": -584052.479220231, "theta": 4.722346305847168, "speed": -1.5155848615802607e-05, "target_speed": 0.0, "x_command": -5455100.888610419, "y_command": -584077.7125262448, "command": 4, "steer": -0.019, "throttle": 0.0, "brake": 1.0}