{"x": -5455100.808864325, "y": -584052.4792402523, "theta": 4.722346305847168, "speed": -1.913679145973242e-06, "target_speed": 0.0, "x_command": -5455100.888610419, "y_command": -584077.7125262448, "command": 4, "steer": -0.019, "throttle": 0.0, "brake": 1.0}