{"x": -5455100.809062697, "y": -584052.4883499587, "theta": 4.721508026123047, "speed": 0.16542054926152108, "target_speed": 7.0, "x_command": -5455100.888610419, "y_command": -584077.7125262448, "command": 4, "steer": -0.037, "throttle": 0.75, "brake": 0.0}