{"x": -5455100.813838918, "y": -584052.783023933, "theta": 4.712832450866699, "speed": 1.7554833215943768, "target_speed": 7.0, "x_command": -5455100.888610419, "y_command": -584077.7125262448, "command": 4, "steer": -0.027, "throttle": 0.75, "brake": 0.0}