{"x": -5455100.836224589, "y": -584053.6013158206, "theta": 4.700717926025391, "speed": 3.114285194047029, "target_speed": 7.0, "x_command": -5455100.888610419, "y_command": -584077.7125262448, "command": 4, "steer": -0.011, "throttle": 0.75, "brake": 0.0}