{"x": -5455100.862531951, "y": -584054.8216961323, "theta": 4.701489448547363, "speed": 4.185793960761975, "target_speed": 7.0, "x_command": -5455100.888610419, "y_command": -584077.7125262448, "command": 4, "steer": -0.003, "throttle": 0.75, "brake": 0.0}