{"x": -5455100.878584935, "y": -584056.1924766949, "theta": 4.703669548034668, "speed": 4.314957488803101, "target_speed": 7.0, "x_command": -5455100.888610419, "y_command": -584077.7125262448, "command": 4, "steer": 0.002, "throttle": 0.75, "brake": 0.0}