{"x": -5455100.895461931, "y": -584057.8262374622, "theta": 4.7064900398254395, "speed": 5.512322168086813, "target_speed": 7.0, "x_command": -5455100.888610419, "y_command": -584077.7125262448, "command": 4, "steer": 0.007, "throttle": 0.75, "brake": 0.0}