{"x": -5455100.900238152, "y": -584059.8016022076, "theta": 4.7130537033081055, "speed": 6.491220399166304, "target_speed": 7.0, "x_command": -5455100.888610419, "y_command": -584077.7125262448, "command": 4, "steer": 0.004, "throttle": 0.75, "brake": 0.0}