{"x": -5455100.904983854, "y": -584062.0753849164, "theta": 4.711189270019531, "speed": 7.139434396397964, "target_speed": 7.0, "x_command": -5455100.888610419, "y_command": -584077.7125262448, "command": 4, "steer": 0.006, "throttle": 0.10495161576766829, "brake": 0.0}