{"x": -5455100.890929861, "y": -584064.3277648207, "theta": 4.715873718261719, "speed": 6.779750461611359, "target_speed": 7.0, "x_command": -5455100.888610419, "y_command": -584077.7125262448, "command": 4, "steer": -0.001, "throttle": 0.75, "brake": 0.0}