{"x": -5455100.894042797, "y": -584066.6257132781, "theta": 4.711139678955078, "speed": 6.934449878933404, "target_speed": 7.0, "x_command": -5455100.888610419, "y_command": -584077.7125262448, "command": 4, "steer": 0.003, "throttle": 0.4592912112164792, "brake": 0.0}