{"x": -5455100.883727384, "y": -584068.8500633164, "theta": 4.714264392852783, "speed": 6.953188663267608, "target_speed": 7.0, "x_command": -5455100.888610419, "y_command": -584077.7125262448, "command": 4, "steer": -0.002, "throttle": 0.21454288024659574, "brake": 0.0}