{"x": -5455100.895797638, "y": -584071.1402034541, "theta": 4.707307815551758, "speed": 6.713307835330491, "target_speed": 7.0, "x_command": -5455100.8843835415, "y_command": -584111.8275757304, "command": 4, "steer": 0.005, "throttle": 0.75, "brake": 0.0}