{"x": -5455100.910599345, "y": -584073.3787285961, "theta": 4.710016250610352, "speed": 7.013377015655259, "target_speed": 7.0, "x_command": -5455100.8843835415, "y_command": -584111.8275757304, "command": 4, "steer": 0.007, "throttle": 0.029076069799622017, "brake": 0.0}