{"x": -5455100.888320489, "y": -584075.6705905683, "theta": 4.716453552246094, "speed": 7.130563874137576, "target_speed": 7.0, "x_command": -5455100.8843835415, "y_command": -584111.8275757304, "command": 4, "steer": -0.002, "throttle": 0.05520381833362028, "brake": 0.0}