{"x": -5455100.885802673, "y": -584077.978789948, "theta": 4.715332508087158, "speed": 6.84528410787395, "target_speed": 7.0, "x_command": -5455100.8843835415, "y_command": -584111.8275757304, "command": 4, "steer": -0.002, "throttle": 0.75, "brake": 0.0}