{"x": -5455100.890960381, "y": -584080.2568772434, "theta": 4.7111735343933105, "speed": 7.028959031661179, "target_speed": 7.0, "x_command": -5455100.8843835415, "y_command": -584111.8275757304, "command": 4, "steer": 0.002, "throttle": 0.034991046744497524, "brake": 0.0}