{"x": -5455100.889098723, "y": -584082.5213900752, "theta": 4.71221923828125, "speed": 6.980025819127155, "target_speed": 7.0, "x_command": -5455100.8843835415, "y_command": -584111.8275757304, "command": 4, "steer": 0.0, "throttle": 0.07181691057524392, "brake": 0.0}