{"x": -5455100.888900351, "y": -584084.8254049963, "theta": 4.713332176208496, "speed": 7.003398418235231, "target_speed": 7.0, "x_command": -5455100.8843835415, "y_command": -584111.8275757304, "command": 4, "steer": -0.0, "throttle": 0.025226374635370207, "brake": 0.0}