{"x": -5455100.884185166, "y": -584087.0096122628, "theta": 4.716423034667969, "speed": 6.451708835899801, "target_speed": 7.0, "x_command": -5455100.8843835415, "y_command": -584111.8275757304, "command": 4, "steer": -0.004, "throttle": 0.75, "brake": 0.0}