{"x": -5455100.879271613, "y": -584089.244773821, "theta": 4.713465690612793, "speed": 7.138794242280986, "target_speed": 7.0, "x_command": -5455100.8843835415, "y_command": -584111.8275757304, "command": 4, "steer": -0.003, "throttle": 0.05259849433290673, "brake": 0.0}