{"x": -5455100.878783307, "y": -584091.4969435012, "theta": 4.709346294403076, "speed": 6.6900162343649745, "target_speed": 7.0, "x_command": -5455100.8843835415, "y_command": -584111.8275757304, "command": 4, "steer": 0.001, "throttle": 0.75, "brake": 0.0}