{"x": -5455100.8890376855, "y": -584093.7632182102, "theta": 4.710182189941406, "speed": 6.937522946882418, "target_speed": 7.0, "x_command": -5455100.8843835415, "y_command": -584111.8275757304, "command": 4, "steer": 0.002, "throttle": 0.4416706890775106, "brake": 0.0}