{"x": -5455100.884368281, "y": -584096.0718280273, "theta": 4.715156555175781, "speed": 7.144819221409676, "target_speed": 7.0, "x_command": -5455100.8843835415, "y_command": -584111.8275757304, "command": 4, "steer": -0.003, "throttle": 0.04791475709180926, "brake": 0.0}