{"x": -5455100.883941016, "y": -584098.3514669759, "theta": 4.71229362487793, "speed": 6.8360037327721015, "target_speed": 7.0, "x_command": -5455100.8843835415, "y_command": -584111.8275757304, "command": 4, "steer": -0.0, "throttle": 0.75, "brake": 0.0}