{"x": -5455100.889434434, "y": -584100.6414069001, "theta": 4.709394454956055, "speed": 6.919297314140275, "target_speed": 7.0, "x_command": -5455100.8843835415, "y_command": -584111.8275757304, "command": 4, "steer": 0.003, "throttle": 0.47935337609671586, "brake": 0.0}