{"x": -5455100.902008251, "y": -584102.9105146278, "theta": 4.713068962097168, "speed": 7.041376261106175, "target_speed": 7.0, "x_command": -5455100.8843835415, "y_command": -584111.8275757304, "command": 4, "steer": 0.003, "throttle": 0.02848259371065597, "brake": 0.0}