{"x": -5455100.876372309, "y": -584105.2115463704, "theta": 4.717960357666016, "speed": 6.986602954938902, "target_speed": 7.0, "x_command": -5455100.880156661, "y_command": -584145.9426452372, "command": 4, "steer": -0.006, "throttle": 0.10257846515163867, "brake": 0.0}