{"x": -5455100.872862626, "y": -584107.3541693289, "theta": 4.71254825592041, "speed": 6.539573121743296, "target_speed": 7.0, "x_command": -5455100.880156661, "y_command": -584145.9426452372, "command": 4, "steer": -0.002, "throttle": 0.75, "brake": 0.0}