{"x": -5455100.87516681, "y": -584109.6295537443, "theta": 4.710426330566406, "speed": 7.079061622266909, "target_speed": 7.0, "x_command": -5455100.880156661, "y_command": -584145.9426452372, "command": 4, "steer": -0.001, "throttle": 0.05206565181360989, "brake": 0.0}