{"x": -5455100.88499392, "y": -584111.8604908013, "theta": 4.7101359367370605, "speed": 6.791373467089504, "target_speed": 7.0, "x_command": -5455100.880156661, "y_command": -584145.9426452372, "command": 4, "steer": 0.001, "throttle": 0.75, "brake": 0.0}