{"x": -5455100.89306619, "y": -584114.1609819679, "theta": 4.711596488952637, "speed": 6.893471351129334, "target_speed": 7.0, "x_command": -5455100.880156661, "y_command": -584145.9426452372, "command": 4, "steer": 0.002, "throttle": 0.6765887217458193, "brake": 0.0}