{"x": -5455100.882094618, "y": -584116.392479622, "theta": 4.714400768280029, "speed": 7.023961591347925, "target_speed": 7.0, "x_command": -5455100.880156661, "y_command": -584145.9426452372, "command": 4, "steer": -0.001, "throttle": 0.004719421692217764, "brake": 0.0}