{"x": -5455100.877745664, "y": -584118.675291952, "theta": 4.714726448059082, "speed": 6.697321958283342, "target_speed": 7.0, "x_command": -5455100.880156661, "y_command": -584145.9426452372, "command": 4, "steer": -0.003, "throttle": 0.75, "brake": 0.0}