{"x": -5455100.882109878, "y": -584120.9390940265, "theta": 4.710300445556641, "speed": 7.114203626504466, "target_speed": 7.0, "x_command": -5455100.880156661, "y_command": -584145.9426452372, "command": 4, "steer": 0.001, "throttle": 0.052125203364707814, "brake": 0.0}