{"x": -5455100.880232958, "y": -584123.181443243, "theta": 4.712728023529053, "speed": 6.742661038880221, "target_speed": 7.0, "x_command": -5455100.880156661, "y_command": -584145.9426452372, "command": 4, "steer": -0.001, "throttle": 0.75, "brake": 0.0}