{"x": -5455100.8950804435, "y": -584125.4769090551, "theta": 4.708595275878906, "speed": 6.953424129113568, "target_speed": 7.0, "x_command": -5455100.880156661, "y_command": -584145.9426452372, "command": 4, "steer": 0.006, "throttle": 0.33062845483557923, "brake": 0.0}