{"x": -5455100.890563634, "y": -584127.7029408856, "theta": 4.7130513191223145, "speed": 6.947029413558725, "target_speed": 7.0, "x_command": -5455100.880156661, "y_command": -584145.9426452372, "command": 4, "steer": 0.002, "throttle": 0.25197421626396954, "brake": 0.0}