{"x": -5455100.8866572045, "y": -584129.9956537645, "theta": 4.712119102478027, "speed": 6.730168580293107, "target_speed": 7.0, "x_command": -5455100.880156661, "y_command": -584145.9426452372, "command": 4, "steer": 0.002, "throttle": 0.75, "brake": 0.0}