{"x": -5455100.885482225, "y": -584132.2457912794, "theta": 4.710144519805908, "speed": 7.125099377891826, "target_speed": 7.0, "x_command": -5455100.880156661, "y_command": -584145.9426452372, "command": 4, "steer": 0.004, "throttle": 0.0550787583917718, "brake": 0.0}