{"x": -5455100.883498489, "y": -584134.5000031355, "theta": 4.711515426635742, "speed": 6.701678402077181, "target_speed": 7.0, "x_command": -5455100.880156661, "y_command": -584145.9426452372, "command": 4, "steer": 0.001, "throttle": 0.75, "brake": 0.0}