{"x": -5455100.883925756, "y": -584136.7872001373, "theta": 4.712458610534668, "speed": 7.028667933359948, "target_speed": 7.0, "x_command": -5455100.880156661, "y_command": -584145.9426452372, "command": 4, "steer": 0.0, "throttle": 0.05080089876470437, "brake": 0.0}