{"x": -5455100.893890203, "y": -584139.014182981, "theta": 4.712328910827637, "speed": 6.856442239334389, "target_speed": 7.0, "x_command": -5455100.876021341, "y_command": -584179.4016607205, "command": 4, "steer": 0.003, "throttle": 0.7186725790589465, "brake": 0.0}