{"x": -5455100.88413939, "y": -584141.3088179078, "theta": 4.714969635009766, "speed": 6.958030018172985, "target_speed": 7.0, "x_command": -5455100.876021341, "y_command": -584179.4016607205, "command": 4, "steer": -0.001, "throttle": 0.30410274046375096, "brake": 0.0}