{"x": -5455100.87332041, "y": -584143.630381527, "theta": 4.714282035827637, "speed": 7.021175409805336, "target_speed": 7.0, "x_command": -5455100.876021341, "y_command": -584179.4016607205, "command": 4, "steer": -0.002, "throttle": 0.03536170432454605, "brake": 0.0}