{"x": -5455100.865980595, "y": -584145.8919912656, "theta": 4.71358585357666, "speed": 6.995445493507857, "target_speed": 0.0, "x_command": -5455100.876021341, "y_command": -584179.4016607205, "command": 4, "steer": -0.0015, "throttle": 0.0, "brake": 1.0}