{"x": -5455100.862928698, "y": -584147.7874608829, "theta": 4.713161468505859, "speed": 3.9604501122334175, "target_speed": 7.0, "x_command": -5455100.876021341, "y_command": -584179.4016607205, "command": 4, "steer": -0.005, "throttle": 0.75, "brake": 0.0}