{"x": -5455100.870176956, "y": -584149.1430652755, "theta": 4.710796356201172, "speed": 4.140513785128772, "target_speed": 7.0, "x_command": -5455100.876021341, "y_command": -584179.4016607205, "command": 4, "steer": -0.002, "throttle": 0.75, "brake": 0.0}