{"x": -5455100.871809721, "y": -584150.4416989658, "theta": 4.709067344665527, "speed": 3.2342112848585796, "target_speed": 0.0, "x_command": -5455100.876021341, "y_command": -584179.4016607205, "command": 4, "steer": 0.0, "throttle": 0.0, "brake": 1.0}