{"x": -5455100.876875872, "y": -584150.9035210359, "theta": 4.708010673522949, "speed": -9.771224633094069e-05, "target_speed": 0.0, "x_command": -5455100.876021341, "y_command": -584179.4016607205, "command": 4, "steer": 0.002, "throttle": 0.0, "brake": 1.0}