{"x": -5455100.876875872, "y": -584150.9035710893, "theta": 4.708010673522949, "speed": -4.050181481176035e-07, "target_speed": 0.0, "x_command": -5455100.876021341, "y_command": -584179.4016607205, "command": 4, "steer": 0.0025, "throttle": 0.0, "brake": 1.0}