{"x": -5455100.876875872, "y": -584150.9035710893, "theta": 4.708010673522949, "speed": -4.9193166896246844e-09, "target_speed": 7.0, "x_command": -5455100.876021341, "y_command": -584179.4016607205, "command": 4, "steer": 0.005, "throttle": 0.75, "brake": 0.0}