{"x": -5455100.8770132065, "y": -584150.931540891, "theta": 4.7085981369018555, "speed": 0.36024732531767434, "target_speed": 7.0, "x_command": -5455100.876021341, "y_command": -584179.4016607205, "command": 4, "steer": 0.004, "throttle": 0.75, "brake": 0.0}