{"x": -5455100.879119016, "y": -584151.3141986117, "theta": 4.710181713104248, "speed": 2.036339882465794, "target_speed": 7.0, "x_command": -5455100.876021341, "y_command": -584179.4016607205, "command": 4, "steer": 0.003, "throttle": 0.75, "brake": 0.0}