{"x": -5455100.880095624, "y": -584152.2138772166, "theta": 4.710940837860107, "speed": 3.3502484787927274, "target_speed": 7.0, "x_command": -5455100.876021341, "y_command": -584179.4016607205, "command": 4, "steer": 0.003, "throttle": 0.75, "brake": 0.0}