{"x": -5455100.881774169, "y": -584153.4481323118, "theta": 4.710964679718018, "speed": 3.464017124358122, "target_speed": 0.0, "x_command": -5455100.876021341, "y_command": -584179.4016607205, "command": 4, "steer": 0.0015, "throttle": 0.0, "brake": 1.0}