{"x": -5455100.883605307, "y": -584154.0357384044, "theta": 4.710585117340088, "speed": -0.0004119434034651496, "target_speed": 0.0, "x_command": -5455100.876021341, "y_command": -584179.4016607205, "command": 4, "steer": 0.0015, "throttle": 0.0, "brake": 1.0}