{"x": -5455100.883590048, "y": -584154.0432964575, "theta": 4.710582733154297, "speed": 0.11236880654865437, "target_speed": 7.0, "x_command": -5455100.876021341, "y_command": -584179.4016607205, "command": 4, "steer": 0.003, "throttle": 0.75, "brake": 0.0}