{"x": -5455100.885131255, "y": -584154.348491642, "theta": 4.712552547454834, "speed": 1.7956015051537708, "target_speed": 7.0, "x_command": -5455100.876021341, "y_command": -584179.4016607205, "command": 4, "steer": 0.002, "throttle": 0.75, "brake": 0.0}