{"x": -5455100.879668358, "y": -584155.165842527, "theta": 4.714534282684326, "speed": 3.099876639289752, "target_speed": 7.0, "x_command": -5455100.876021341, "y_command": -584179.4016607205, "command": 4, "steer": -0.001, "throttle": 0.75, "brake": 0.0}