{"x": -5455100.873442487, "y": -584156.3819983375, "theta": 4.7159552574157715, "speed": 4.171930621275503, "target_speed": 0.0, "x_command": -5455100.876021341, "y_command": -584179.4016607205, "command": 4, "steer": -0.002, "throttle": 0.0, "brake": 1.0}