{"x": -5455100.8694445, "y": -584157.5866418816, "theta": 4.714276313781738, "speed": 3.5995238137838523, "target_speed": 7.0, "x_command": -5455100.876021341, "y_command": -584179.4016607205, "command": 4, "steer": -0.004, "throttle": 0.75, "brake": 0.0}