{"x": -5455100.864958211, "y": -584158.7505720458, "theta": 4.713883399963379, "speed": 2.4328037361598245, "target_speed": 0.0, "x_command": -5455100.876021341, "y_command": -584179.4016607205, "command": 4, "steer": -0.0025, "throttle": 0.0, "brake": 1.0}