{"x": -5455100.864408867, "y": -584158.9858327154, "theta": 4.714452743530273, "speed": -0.011391049556553585, "target_speed": 7.0, "x_command": -5455100.876021341, "y_command": -584179.4016607205, "command": 4, "steer": -0.007, "throttle": 0.75, "brake": 0.0}