{"x": -5455100.865034508, "y": -584159.1067015007, "theta": 4.715997219085693, "speed": 0.8263268384361078, "target_speed": 7.0, "x_command": -5455100.876021341, "y_command": -584179.4016607205, "command": 4, "steer": -0.008, "throttle": 0.75, "brake": 0.0}