{"x": -5455100.865675406, "y": -584159.3766591398, "theta": 4.714206695556641, "speed": 0.8435558653694453, "target_speed": 7.0, "x_command": -5455100.876021341, "y_command": -584179.4016607205, "command": 4, "steer": -0.006, "throttle": 0.75, "brake": 0.0}