{"x": -5455100.866743569, "y": -584159.8384011246, "theta": 4.712886333465576, "speed": 2.118216715114966, "target_speed": 7.0, "x_command": -5455100.876021341, "y_command": -584179.4016607205, "command": 4, "steer": -0.005, "throttle": 0.75, "brake": 0.0}