{"x": -5455100.870070139, "y": -584160.7570399315, "theta": 4.711759567260742, "speed": 3.4000487727205653, "target_speed": 7.0, "x_command": -5455100.876021341, "y_command": -584179.4016607205, "command": 4, "steer": -0.003, "throttle": 0.75, "brake": 0.0}