{"x": -5455100.874464871, "y": -584162.0710099627, "theta": 4.709115028381348, "speed": 4.55618226065842, "target_speed": 0.0, "x_command": -5455100.876021341, "y_command": -584179.4016607205, "command": 4, "steer": 0.0005, "throttle": 0.0, "brake": 1.0}