{"x": -5455100.875853486, "y": -584163.3493119898, "theta": 4.712363243103027, "speed": 3.425054422905084, "target_speed": 0.0, "x_command": -5455100.876021341, "y_command": -584179.4016607205, "command": 4, "steer": -0.0005, "throttle": 0.0, "brake": 1.0}