{"x": -5455100.880446592, "y": -584164.280724407, "theta": 4.709914207458496, "speed": 1.5345111730935541, "target_speed": 0.0, "x_command": -5455100.876021341, "y_command": -584179.4016607205, "command": 4, "steer": 0.0015, "throttle": 0.0, "brake": 1.0}