{"x": -5455100.880431332, "y": -584164.3466746769, "theta": 4.710145473480225, "speed": -1.98666373796496e-05, "target_speed": 0.0, "x_command": -5455100.876021341, "y_command": -584179.4016607205, "command": 4, "steer": 0.0015, "throttle": 0.0, "brake": 1.0}