{"x": -5455100.880431332, "y": -584164.3466846875, "theta": 4.710145473480225, "speed": 2.2266170718731007e-08, "target_speed": 0.0, "x_command": -5455100.876021341, "y_command": -584179.4016607205, "command": 4, "steer": 0.002, "throttle": 0.0, "brake": 1.0}