{"x": -5455100.880431332, "y": -584164.3491072687, "theta": 4.710147857666016, "speed": 0.036375885636772375, "target_speed": 7.0, "x_command": -5455100.876021341, "y_command": -584179.4016607205, "command": 4, "steer": 0.004, "throttle": 0.75, "brake": 0.0}