{"x": -5455100.8811332695, "y": -584164.4955432959, "theta": 4.71071720123291, "speed": 1.173716026419641, "target_speed": 7.0, "x_command": -5455100.876021341, "y_command": -584179.4016607205, "command": 4, "steer": 0.003, "throttle": 0.75, "brake": 0.0}