{"x": -5455100.875746668, "y": -584165.1662879724, "theta": 4.71462345123291, "speed": 2.737237056163526, "target_speed": 7.0, "x_command": -5455100.876021341, "y_command": -584179.4016607205, "command": 4, "steer": -0.001, "throttle": 0.75, "brake": 0.0}