{"x": -5455100.877425213, "y": -584166.2715756532, "theta": 4.712070465087891, "speed": 3.9459436021600447, "target_speed": 7.0, "x_command": -5455100.876021341, "y_command": -584179.4016607205, "command": 4, "steer": 0.001, "throttle": 0.75, "brake": 0.0}