{"x": -5455100.8770132065, "y": -584167.5347715848, "theta": 4.712425231933594, "speed": -0.008641868749419062, "target_speed": 7.0, "x_command": -5455100.876021341, "y_command": -584179.4016607205, "command": 4, "steer": -0.0, "throttle": 0.75, "brake": 0.0}