{"x": -5455100.877745664, "y": -584167.6687143004, "theta": 4.714102268218994, "speed": 0.8810641593784438, "target_speed": 7.0, "x_command": -5455100.876021341, "y_command": -584179.4016607205, "command": 4, "steer": -0.001, "throttle": 0.75, "brake": 0.0}