{"x": -5455100.875929784, "y": -584168.1925124057, "theta": 4.7140021324157715, "speed": 2.2133323052659293, "target_speed": 7.0, "x_command": -5455100.876021341, "y_command": -584179.4016607205, "command": 4, "steer": -0.002, "throttle": 0.75, "brake": 0.0}