{"x": -5455100.872847364, "y": -584169.0075908694, "theta": 4.714946269989014, "speed": 2.514781512518941, "target_speed": 7.0, "x_command": -5455100.876021341, "y_command": -584179.4016607205, "command": 4, "steer": -0.003, "throttle": 0.75, "brake": 0.0}