{"x": -5455100.870176956, "y": -584169.8568357374, "theta": 4.713315963745117, "speed": 2.9105329771240767, "target_speed": 7.0, "x_command": -5455100.876021341, "y_command": -584179.4016607205, "command": 4, "steer": -0.003, "throttle": 0.75, "brake": 0.0}