{"x": -5455100.872969443, "y": -584171.0056698166, "theta": 4.712178707122803, "speed": 4.061181930031233, "target_speed": 7.0, "x_command": -5455100.876021341, "y_command": -584179.4016607205, "command": 4, "steer": -0.001, "throttle": 0.75, "brake": 0.0}