{"x": -5455100.875258365, "y": -584172.3687721983, "theta": 4.711475372314453, "speed": 3.412875151582408, "target_speed": 7.0, "x_command": -5455100.874617467, "y_command": -584190.7186789704, "command": 4, "steer": -0.0, "throttle": 0.75, "brake": 0.0}