{"x": -5455100.876463865, "y": -584173.477828895, "theta": 4.711770534515381, "speed": 3.607510214795194, "target_speed": 0.0, "x_command": -5455100.874617467, "y_command": -584190.7186789704, "command": 4, "steer": 0.0, "throttle": 0.0, "brake": 1.0}