{"x": -5455100.875563556, "y": -584174.233223766, "theta": 4.712230682373047, "speed": 0.39563997143017565, "target_speed": 0.0, "x_command": -5455100.874617467, "y_command": -584190.7186789704, "command": 4, "steer": 0.0, "throttle": 0.0, "brake": 1.0}