{"x": -5455100.875609332, "y": -584174.2382341045, "theta": 4.712230682373047, "speed": -2.2117278826870587e-08, "target_speed": 0.0, "x_command": -5455100.874617467, "y_command": -584190.7186789704, "command": 4, "steer": 0.0, "throttle": 0.0, "brake": 1.0}