{"x": -5455100.876234974, "y": -584174.2816053164, "theta": 4.712648391723633, "speed": 0.4951342101435226, "target_speed": 7.0, "x_command": -5455100.874617467, "y_command": -584190.7186789704, "command": 4, "steer": -0.0, "throttle": 0.75, "brake": 0.0}