{"x": -5455100.875624595, "y": -584174.7288068082, "theta": 4.713127136230469, "speed": 2.1802298253497256, "target_speed": 7.0, "x_command": -5455100.874617467, "y_command": -584190.7186789704, "command": 4, "steer": -0.001, "throttle": 0.75, "brake": 0.0}