{"x": -5455100.8767690575, "y": -584175.6702749399, "theta": 4.712419033050537, "speed": 3.4713127028073623, "target_speed": 7.0, "x_command": -5455100.874617467, "y_command": -584190.7186789704, "command": 4, "steer": 0.0, "throttle": 0.75, "brake": 0.0}