{"x": -5455100.871397714, "y": -584176.9756157766, "theta": 4.714075565338135, "speed": 4.176139369747433, "target_speed": 7.0, "x_command": -5455100.874617467, "y_command": -584190.7186789704, "command": 4, "steer": -0.002, "throttle": 0.75, "brake": 0.0}