{"x": -5455100.874586946, "y": -584178.38419161, "theta": 4.713009357452393, "speed": 4.739165696904764, "target_speed": 0.0, "x_command": -5455100.874617467, "y_command": -584190.7186789704, "command": 4, "steer": -0.0005, "throttle": 0.0, "brake": 1.0}