{"x": -5455100.873167817, "y": -584179.8267136131, "theta": 4.712980270385742, "speed": 3.8561765770791285, "target_speed": 7.0, "x_command": -5455100.874617467, "y_command": -584190.7186789704, "command": 4, "steer": -0.001, "throttle": 0.75, "brake": 0.0}