{"x": -5455100.877577807, "y": -584181.2156435138, "theta": 4.710403919219971, "speed": 4.50547277219363, "target_speed": 0.0, "x_command": -5455100.874617467, "y_command": -584190.7186789704, "command": 4, "steer": 0.001, "throttle": 0.0, "brake": 1.0}