{"x": -5455100.882872852, "y": -584182.4207775807, "theta": 4.710616588592529, "speed": 3.4366045279452537, "target_speed": 7.0, "x_command": -5455100.874617467, "y_command": -584190.7186789704, "command": 4, "steer": 0.003, "throttle": 0.75, "brake": 0.0}