{"x": -5455100.8825524, "y": -584183.5250291575, "theta": 4.712194442749023, "speed": 3.1950570744590143, "target_speed": 7.0, "x_command": -5455114.064646205, "y_command": -584199.2595742693, "command": 4, "steer": 0.002, "throttle": 0.75, "brake": 0.0}