{"x": -5455100.883773162, "y": -584184.7057321931, "theta": 4.712030410766602, "speed": 4.095359610862231, "target_speed": 7.0, "x_command": -5455114.064646205, "y_command": -584199.2595742693, "command": 4, "steer": 0.003, "throttle": 0.75, "brake": 0.0}