{"x": -5455100.877806701, "y": -584186.0248176749, "theta": 4.714776039123535, "speed": 3.422357018456637, "target_speed": 4, "x_command": -5455114.064646205, "y_command": -584199.2595742693, "command": 4, "steer": -0.0, "throttle": 0.75, "brake": 0.0}