{"x": -5455100.875884005, "y": -584187.2478908558, "theta": 4.714955806732178, "speed": 4.142906104133072, "target_speed": 0.0, "x_command": -5455114.064646205, "y_command": -584199.2595742693, "command": 1, "steer": -0.001, "throttle": 0.0, "brake": 1.0}