{"x": -5455100.869093531, "y": -584188.267777542, "theta": 4.715156078338623, "speed": 1.7168929515406988, "target_speed": 0.0, "x_command": -5455114.064646205, "y_command": -584199.2595742693, "command": 1, "steer": -0.011, "throttle": 0.0, "brake": 1.0}