{"x": -5455100.869673393, "y": -584188.410859996, "theta": 4.713461875915527, "speed": 0.5355649334323356, "target_speed": 4, "x_command": -5455114.064646205, "y_command": -584199.2595742693, "command": 1, "steer": -0.024, "throttle": 0.75, "brake": 0.0}