{"x": -5455100.878951163, "y": -584188.85238544, "theta": 4.706124305725098, "speed": 2.1871645817157064, "target_speed": 4, "x_command": -5455114.064646205, "y_command": -584199.2595742693, "command": 1, "steer": -0.021, "throttle": 0.75, "brake": 0.0}