{"x": -5455100.938386877, "y": -584189.7927223663, "theta": 4.676952838897705, "speed": 3.468039184691758, "target_speed": 4, "x_command": -5455114.064646205, "y_command": -584199.2595742693, "command": 1, "steer": -0.089, "throttle": 0.75, "brake": 0.0}