{"x": -5455101.151241507, "y": -584191.0891687261, "theta": 4.603261470794678, "speed": 4.1339104070256765, "target_speed": 4, "x_command": -5455114.064646205, "y_command": -584199.2595742693, "command": 1, "steer": -0.102, "throttle": 0.10007748516500278, "brake": 0.0}