{"x": -5455101.5663912, "y": -584192.3128525576, "theta": 4.495758533477783, "speed": 3.7933583444398535, "target_speed": 4, "x_command": -5455114.064646205, "y_command": -584199.2595742693, "command": 1, "steer": -0.175, "throttle": 0.75, "brake": 0.0}