{"x": -5455102.271974771, "y": -584193.5549209779, "theta": 4.362357139587402, "speed": 3.880205954518389, "target_speed": 4, "x_command": -5455114.064646205, "y_command": -584199.2595742693, "command": 1, "steer": -0.262, "throttle": 0.7392471656466129, "brake": 0.0}