{"x": -5455103.211516848, "y": -584194.6605840587, "theta": 4.210878372192383, "speed": 4.095176639221311, "target_speed": 4, "x_command": -5455114.064646205, "y_command": -584199.2595742693, "command": 1, "steer": -0.204, "throttle": 0.053808183163604896, "brake": 0.0}