{"x": -5455104.403252523, "y": -584195.6635326976, "theta": 4.06525993347168, "speed": 3.723570198545305, "target_speed": 4, "x_command": -5455114.064646205, "y_command": -584199.2595742693, "command": 1, "steer": -0.278, "throttle": 0.75, "brake": 0.0}