{"x": -5455105.860091319, "y": -584196.5714901235, "theta": 3.9058997631073, "speed": 3.977783707616191, "target_speed": 4, "x_command": -5455114.064646205, "y_command": -584199.2595742693, "command": 1, "steer": -0.19, "throttle": 0.17991868765265132, "brake": 0.0}