{"x": -5455107.436747636, "y": -584197.2802653215, "theta": 3.7524502277374268, "speed": 3.995006119570956, "target_speed": 4, "x_command": -5455165.067005203, "y_command": -584199.2544888508, "command": 1, "steer": -0.223, "throttle": 0.044720474662505685, "brake": 0.0}