{"x": -5455109.221421322, "y": -584197.8424142895, "theta": 3.6018290519714355, "speed": 3.6871516439632726, "target_speed": 4, "x_command": -5455165.067005203, "y_command": -584199.2544888508, "command": 1, "steer": -0.217, "throttle": 0.75, "brake": 0.0}