{"x": -5455112.991232621, "y": -584198.5189100938, "theta": 3.3698723316192627, "speed": 3.832805335876605, "target_speed": 7.0, "x_command": -5455165.067005203, "y_command": -584199.2544888508, "command": 4, "steer": -0.098, "throttle": 0.75, "brake": 0.0}