{"x": -5455117.2846733285, "y": -584198.8686277169, "theta": 3.2447845935821533, "speed": 4.982691025322477, "target_speed": 7.0, "x_command": -5455165.067005203, "y_command": -584199.2544888508, "command": 4, "steer": -0.051, "throttle": 0.75, "brake": 0.0}