{"x": -5455120.043528134, "y": -584198.9934557208, "theta": 3.206279754638672, "speed": 6.015124525767482, "target_speed": 7.0, "x_command": -5455165.067005203, "y_command": -584199.2544888508, "command": 4, "steer": -0.017, "throttle": 0.75, "brake": 0.0}