{"x": -5455122.723476118, "y": -584198.9096564329, "theta": 3.123028039932251, "speed": 5.198063924723784, "target_speed": 4, "x_command": -5455165.067005203, "y_command": -584199.2544888508, "command": 4, "steer": 0.078, "throttle": 0.10625, "brake": 0.0}