{"x": -5455125.272146705, "y": -584198.9716975376, "theta": 3.1810708045959473, "speed": 5.273356769839824, "target_speed": 7.0, "x_command": -5455165.067005203, "y_command": -584199.2544888508, "command": 4, "steer": 0.025, "throttle": 0.75, "brake": 0.0}