{"x": -5455128.07479625, "y": -584199.0829560832, "theta": 3.20082950592041, "speed": 6.057290661713517, "target_speed": 7.0, "x_command": -5455165.067005203, "y_command": -584199.2544888508, "command": 4, "steer": -0.007, "throttle": 0.75, "brake": 0.0}