{"x": -5455131.310876355, "y": -584199.1932686209, "theta": 3.1865344047546387, "speed": 6.629121021652469, "target_speed": 7.0, "x_command": -5455165.067005203, "y_command": -584199.2544888508, "command": 4, "steer": -0.014, "throttle": 0.75, "brake": 0.0}