{"x": -5455138.210851635, "y": -584199.270025405, "theta": 3.1393024921417236, "speed": 6.9320289726214295, "target_speed": 7.0, "x_command": -5455165.067005203, "y_command": -584199.2544888508, "command": 4, "steer": -0.008, "throttle": 0.46886795718385377, "brake": 0.0}