{"x": -5455141.677868867, "y": -584199.247641555, "theta": 3.1347131729125977, "speed": 7.053822674713007, "target_speed": 7.0, "x_command": -5455165.067005203, "y_command": -584199.2544888508, "command": 4, "steer": 0.0, "throttle": 0.06429518867871624, "brake": 0.0}