{"x": -5455145.137180056, "y": -584199.2336866861, "theta": 3.1375513076782227, "speed": 6.842958609156357, "target_speed": 7.0, "x_command": -5455165.067005203, "y_command": -584199.2544888508, "command": 4, "steer": 0.004, "throttle": 0.75, "brake": 0.0}