{"x": -5455148.496938331, "y": -584199.230002761, "theta": 3.1389405727386475, "speed": 6.479910128308629, "target_speed": 7.0, "x_command": -5455165.067005203, "y_command": -584199.2544888508, "command": 4, "steer": 0.008, "throttle": 0.75, "brake": 0.0}