{"x": -5455151.868431154, "y": -584199.2274099984, "theta": 3.1433534622192383, "speed": 7.117061822645058, "target_speed": 7.0, "x_command": -5455165.067005203, "y_command": -584199.2544888508, "command": 4, "steer": 0.008, "throttle": 0.06745883944167627, "brake": 0.0}