{"x": -5455155.340819728, "y": -584199.2391775367, "theta": 3.147902727127075, "speed": 6.6820523145763335, "target_speed": 7.0, "x_command": -5455165.067005203, "y_command": -584199.2544888508, "command": 4, "steer": 0.0, "throttle": 0.75, "brake": 0.0}