{"x": -5455158.796682271, "y": -584199.2531173895, "theta": 3.1463520526885986, "speed": 7.1115926685874875, "target_speed": 7.0, "x_command": -5455217.069394881, "y_command": -584199.2493033257, "command": 4, "steer": -0.002, "throttle": 0.07252081717900806, "brake": 0.0}