{"x": -5455162.216532417, "y": -584199.2651652265, "theta": 3.148489475250244, "speed": 6.756924655869746, "target_speed": 7.0, "x_command": -5455217.069394881, "y_command": -584199.2493033257, "command": 4, "steer": -0.008, "throttle": 0.75, "brake": 0.0}