{"x": -5455165.714709528, "y": -584199.2734840902, "theta": 3.1430978775024414, "speed": 6.9231480269846735, "target_speed": 7.0, "x_command": -5455217.069394881, "y_command": -584199.2493033257, "command": 4, "steer": -0.007, "throttle": 0.5095469115645925, "brake": 0.0}