{"x": -5455169.096548284, "y": -584199.2590236827, "theta": 3.13470458984375, "speed": 6.93419115037698, "target_speed": 7.0, "x_command": -5455217.069394881, "y_command": -584199.2493033257, "command": 4, "steer": 0.003, "throttle": 0.3141982986520965, "brake": 0.0}