{"x": -5455172.585020361, "y": -584199.2562156908, "theta": 3.1419382095336914, "speed": 6.924461225593464, "target_speed": 7.0, "x_command": -5455217.069394881, "y_command": -584199.2493033257, "command": 4, "steer": -0.002, "throttle": 0.493866079912102, "brake": 0.0}