{"x": -5455176.125374701, "y": -584199.2553147308, "theta": 3.14321231842041, "speed": 6.976057519214625, "target_speed": 7.0, "x_command": -5455217.069394881, "y_command": -584199.2493033257, "command": 4, "steer": -0.002, "throttle": 0.17881923517068454, "brake": 0.0}