{"x": -5455179.574965594, "y": -584199.2618366799, "theta": 3.1442673206329346, "speed": 7.03775163989877, "target_speed": 7.0, "x_command": -5455217.069394881, "y_command": -584199.2493033257, "command": 4, "steer": -0.004, "throttle": 0.04080199251088683, "brake": 0.0}