{"x": -5455183.047079492, "y": -584199.255559992, "theta": 3.137566089630127, "speed": 6.843507937901415, "target_speed": 7.0, "x_command": -5455217.069394881, "y_command": -584199.2493033257, "command": 4, "steer": 0.002, "throttle": 0.75, "brake": 0.0}