{"x": -5455186.54391377, "y": -584199.2502343176, "theta": 3.138918161392212, "speed": 7.014693683178615, "target_speed": 7.0, "x_command": -5455217.069394881, "y_command": -584199.2493033257, "command": 4, "steer": 0.002, "throttle": 0.025661378864862618, "brake": 0.0}