{"x": -5455189.959414959, "y": -584199.2480119497, "theta": 3.1420810222625732, "speed": 6.439175029074851, "target_speed": 7.0, "x_command": -5455217.069394881, "y_command": -584199.2493033257, "command": 4, "steer": 0.0, "throttle": 0.75, "brake": 0.0}