{"x": -5455193.26813024, "y": -584199.2565960961, "theta": 3.1451809406280518, "speed": 6.984507315159461, "target_speed": 7.0, "x_command": -5455217.069394881, "y_command": -584199.2493033257, "command": 4, "steer": -0.003, "throttle": 0.03796570912877356, "brake": 0.0}