{"x": -5455196.763377528, "y": -584199.2551495548, "theta": 3.139549970626831, "speed": 6.709644270783456, "target_speed": 7.0, "x_command": -5455217.069394881, "y_command": -584199.2493033257, "command": 4, "steer": 0.001, "throttle": 0.75, "brake": 0.0}