{"x": -5455203.1295147985, "y": -584199.2429315365, "theta": 3.1389405727386475, "speed": 5.085715460157134, "target_speed": 7.0, "x_command": -5455217.069394881, "y_command": -584199.2493033257, "command": 4, "steer": 0.003, "throttle": 0.75, "brake": 0.0}