{"x": -5455205.5456719715, "y": -584199.2454392085, "theta": 3.140746831893921, "speed": 3.0468926233729703, "target_speed": 7.0, "x_command": -5455217.069394881, "y_command": -584199.2493033257, "command": 4, "steer": 0.002, "throttle": 0.75, "brake": 0.0}