{"x": -5455207.027307438, "y": -584199.2458796778, "theta": 3.1389858722686768, "speed": 3.103044895959544, "target_speed": 0.0, "x_command": -5455217.069394881, "y_command": -584199.2493033257, "command": 4, "steer": 0.002, "throttle": 0.0, "brake": 1.0}