{"x": -5455207.736538027, "y": -584199.2435421871, "theta": 3.1387455463409424, "speed": -6.212384853592674e-10, "target_speed": 0.0, "x_command": -5455217.069394881, "y_command": -584199.2493033257, "command": 4, "steer": 0.0025, "throttle": 0.0, "brake": 1.0}