{"x": -5455207.736538027, "y": -584199.2435421871, "theta": 3.1387455463409424, "speed": 1.0948561911556537e-09, "target_speed": 7.0, "x_command": -5455217.069394881, "y_command": -584199.2493033257, "command": 4, "steer": 0.005, "throttle": 0.75, "brake": 0.0}