{"x": -5455207.831146867, "y": -584199.2431267445, "theta": 3.1402554512023926, "speed": 0.6314263737858028, "target_speed": 7.0, "x_command": -5455217.069394881, "y_command": -584199.2493033257, "command": 4, "steer": 0.004, "throttle": 0.75, "brake": 0.0}