{"x": -5455208.563999148, "y": -584199.2444081098, "theta": 3.143284320831299, "speed": 2.315045588051358, "target_speed": 7.0, "x_command": -5455217.069394881, "y_command": -584199.2493033257, "command": 4, "steer": 0.001, "throttle": 0.75, "brake": 0.0}