{"x": -5455210.059459714, "y": -584199.2433820165, "theta": 3.140902042388916, "speed": 3.5855106183795225, "target_speed": 7.0, "x_command": -5455223.039639934, "y_command": -584199.2487076911, "command": 4, "steer": 0.003, "throttle": 0.75, "brake": 0.0}