{"x": -5455212.077496786, "y": -584199.2468106698, "theta": 3.1430575847625732, "speed": 4.167689350507098, "target_speed": 7.0, "x_command": -5455223.039639934, "y_command": -584199.2487076911, "command": 4, "steer": 0.0, "throttle": 0.75, "brake": 0.0}