{"x": -5455214.252828682, "y": -584199.2486426217, "theta": 3.1439597606658936, "speed": 4.853682776399681, "target_speed": 7.0, "x_command": -5455223.039639934, "y_command": -584199.2487076911, "command": 4, "steer": -0.002, "throttle": 0.75, "brake": 0.0}