{"x": -5455216.957970083, "y": -584199.2500941684, "theta": 3.142364978790283, "speed": 5.898300989244498, "target_speed": 7.0, "x_command": -5455232.317043797, "y_command": -584205.0070531913, "command": 4, "steer": -0.001, "throttle": 0.75, "brake": 0.0}