{"x": -5455219.64132093, "y": -584199.2518160029, "theta": 3.142930030822754, "speed": 4.134557905453169, "target_speed": 7.0, "x_command": -5455232.317043797, "y_command": -584205.0070531913, "command": 2, "steer": 0.001, "throttle": 0.75, "brake": 0.0}