{"x": -5455221.925727663, "y": -584199.2684387144, "theta": 3.1580793857574463, "speed": 5.024664768258501, "target_speed": 7.0, "x_command": -5455232.317043797, "y_command": -584205.0070531913, "command": 2, "steer": 0.048, "throttle": 0.75, "brake": 0.0}