{"x": -5455224.653178435, "y": -584199.4085379897, "theta": 3.2424144744873047, "speed": 5.671247258209682, "target_speed": 4, "x_command": -5455232.317043797, "y_command": -584205.0070531913, "command": 2, "steer": 0.151, "throttle": 0.090625, "brake": 0.0}