{"x": -5455227.327983966, "y": -584199.8265834159, "theta": 3.419302463531494, "speed": 5.394149615903638, "target_speed": 4, "x_command": -5455232.289179968, "y_command": -584239.1221164415, "command": 2, "steer": 0.223, "throttle": 0.059375, "brake": 0.0}