{"x": -5455229.459002306, "y": -584200.5757166152, "theta": 3.6688947677612305, "speed": 3.954141701464638, "target_speed": 4, "x_command": -5455232.289179968, "y_command": -584239.1221164415, "command": 2, "steer": 0.346, "throttle": 0.319473019943865, "brake": 0.0}