{"x": -5455230.723037441, "y": -584201.4619609058, "theta": 3.9397192001342773, "speed": 3.832112263809012, "target_speed": 4, "x_command": -5455232.289179968, "y_command": -584239.1221164415, "command": 4, "steer": 0.395, "throttle": 0.75, "brake": 0.0}