{"x": -5455231.610620954, "y": -584202.6623949648, "theta": 4.246386528015137, "speed": 3.7857451392152144, "target_speed": 4, "x_command": -5455232.289179968, "y_command": -584239.1221164415, "command": 4, "steer": 0.387, "throttle": 0.75, "brake": 0.0}