{"x": -5455231.982983035, "y": -584203.9178426407, "theta": 4.492460250854492, "speed": 4.162138564639167, "target_speed": 4, "x_command": -5455232.289179968, "y_command": -584239.1221164415, "command": 4, "steer": 0.262, "throttle": 0.053237387644778214, "brake": 0.0}