{"x": -5455232.074509458, "y": -584205.2094938913, "theta": 4.642693042755127, "speed": 3.8163144563158666, "target_speed": 7.0, "x_command": -5455232.289179968, "y_command": -584239.1221164415, "command": 4, "steer": 0.131, "throttle": 0.75, "brake": 0.0}