{"x": -5455232.078660041, "y": -584206.5529403295, "theta": 4.694968223571777, "speed": 3.7430653607931568, "target_speed": 7.0, "x_command": -5455232.289179968, "y_command": -584239.1221164415, "command": 4, "steer": 0.044, "throttle": 0.75, "brake": 0.0}