{"x": -5455232.079178862, "y": -584207.6075740387, "theta": 4.704196929931641, "speed": 3.417862179732869, "target_speed": 7.0, "x_command": -5455232.289179968, "y_command": -584239.1221164415, "command": 4, "steer": -0.006, "throttle": 0.75, "brake": 0.0}