{"x": -5455232.119372361, "y": -584208.8962120787, "theta": 4.690171718597412, "speed": 4.189477179877183, "target_speed": 7.0, "x_command": -5455232.289179968, "y_command": -584239.1221164415, "command": 4, "steer": -0.018, "throttle": 0.75, "brake": 0.0}