{"x": -5455232.202567101, "y": -584210.2899470993, "theta": 4.6764655113220215, "speed": 4.619800894994583, "target_speed": 7.0, "x_command": -5455232.289179968, "y_command": -584239.1221164415, "command": 4, "steer": -0.002, "throttle": 0.75, "brake": 0.0}