{"x": -5455232.2943681935, "y": -584211.9987378109, "theta": 4.679776668548584, "speed": 5.715721832841299, "target_speed": 7.0, "x_command": -5455232.289179968, "y_command": -584239.1221164415, "command": 4, "steer": 0.016, "throttle": 0.75, "brake": 0.0}