{"x": -5455232.348203674, "y": -584214.0388465407, "theta": 4.702334403991699, "speed": 6.684113208586971, "target_speed": 7.0, "x_command": -5455232.289179968, "y_command": -584239.1221164415, "command": 4, "steer": 0.017, "throttle": 0.75, "brake": 0.0}