{"x": -5455232.32470406, "y": -584216.343379514, "theta": 4.722083568572998, "speed": 7.024892664046269, "target_speed": 7.0, "x_command": -5455232.289179968, "y_command": -584239.1221164415, "command": 4, "steer": 0.002, "throttle": 0.09853624017935345, "brake": 0.0}