{"x": -5455232.2869215645, "y": -584218.5792343107, "theta": 4.7231950759887695, "speed": 6.911312827989509, "target_speed": 7.0, "x_command": -5455232.289179968, "y_command": -584239.1221164415, "command": 4, "steer": -0.006, "throttle": 0.4625336453120049, "brake": 0.0}