{"x": -5455232.260980429, "y": -584220.8773003934, "theta": 4.716542720794678, "speed": 6.774826146090125, "target_speed": 7.0, "x_command": -5455232.289179968, "y_command": -584239.1221164415, "command": 4, "steer": -0.009, "throttle": 0.75, "brake": 0.0}