{"x": -5455232.274652933, "y": -584223.115392574, "theta": 4.707950115203857, "speed": 7.102743832077122, "target_speed": 7.0, "x_command": -5455232.289179968, "y_command": -584239.1221164415, "command": 4, "steer": -0.004, "throttle": 0.05315407842599366, "brake": 0.0}