{"x": -5455232.298946042, "y": -584225.3796251072, "theta": 4.704586029052734, "speed": 6.665434152093796, "target_speed": 7.0, "x_command": -5455232.289179968, "y_command": -584239.1221164415, "command": 4, "steer": 0.003, "throttle": 0.75, "brake": 0.0}