{"x": -5455232.318203517, "y": -584227.6344651326, "theta": 4.706280708312988, "speed": 6.9938283847972516, "target_speed": 7.0, "x_command": -5455232.289179968, "y_command": -584239.1221164415, "command": 4, "steer": 0.008, "throttle": 0.03598346842036913, "brake": 0.0}