{"x": -5455232.337491513, "y": -584229.9357821792, "theta": 4.7100749015808105, "speed": 7.160239948618111, "target_speed": 7.0, "x_command": -5455232.289179968, "y_command": -584239.1221164415, "command": 4, "steer": 0.012, "throttle": 0.05224717086331017, "brake": 0.0}