{"x": -5455232.3220183905, "y": -584232.2250363729, "theta": 4.719189643859863, "speed": 6.8172425973857615, "target_speed": 4, "x_command": -5455203.338722411, "y_command": -584255.9358977264, "command": 4, "steer": 0.004, "throttle": 0.03441982057181629, "brake": 0.0}