{"x": -5455232.294978574, "y": -584234.3978189663, "theta": 4.720514297485352, "speed": 6.402267067851258, "target_speed": 4, "x_command": -5455203.338722411, "y_command": -584255.9358977264, "command": 4, "steer": -0.002, "throttle": 0.019402384434007824, "brake": 0.0}