{"x": -5455232.274866566, "y": -584236.4207055962, "theta": 4.719847679138184, "speed": 6.0524858105798645, "target_speed": 4, "x_command": -5455203.338722411, "y_command": -584255.9358977264, "command": 4, "steer": -0.008, "throttle": 0.006139877290270668, "brake": 0.0}