{"x": -5455232.275537983, "y": -584238.3676976105, "theta": 4.711684226989746, "speed": 5.519890644485829, "target_speed": 4, "x_command": -5455203.338722411, "y_command": -584255.9358977264, "command": 4, "steer": -0.003, "throttle": 0.0022257967442993686, "brake": 0.0}