{"x": -5455232.278498325, "y": -584240.004631759, "theta": 4.710714340209961, "speed": 4.574951909257787, "target_speed": 4, "x_command": -5455203.338722411, "y_command": -584255.9358977264, "command": 4, "steer": -0.002, "throttle": 0.0, "brake": 0.0}