{"x": -5455232.289149449, "y": -584241.3799021055, "theta": 4.708993911743164, "speed": 3.854992634020405, "target_speed": 4, "x_command": -5455203.338722411, "y_command": -584255.9358977264, "command": 4, "steer": 0.003, "throttle": 0.75, "brake": 0.0}