{"x": -5455232.2883254355, "y": -584242.667400181, "theta": 4.710716247558594, "speed": 4.077627944825732, "target_speed": 4, "x_command": -5455203.338722411, "y_command": -584255.9358977264, "command": 4, "steer": 0.003, "throttle": 0.01497255790255378, "brake": 0.0}