{"x": -5455232.286524816, "y": -584243.9830132128, "theta": 4.7141923904418945, "speed": 3.674004742707721, "target_speed": 4, "x_command": -5455203.338722411, "y_command": -584255.9358977264, "command": 4, "steer": 0.0, "throttle": 0.75, "brake": 0.0}