{"x": -5455232.278376246, "y": -584245.1445808598, "theta": 4.714750289916992, "speed": 3.8517010270412837, "target_speed": 4, "x_command": -5455203.338722411, "y_command": -584255.9358977264, "command": 4, "steer": -0.001, "throttle": 0.6903697355997248, "brake": 0.0}