{"x": -5455232.280176869, "y": -584246.4722705092, "theta": 4.7124199867248535, "speed": 3.8048518074221973, "target_speed": 4, "x_command": -5455203.338722411, "y_command": -584255.9358977264, "command": 4, "steer": 0.0, "throttle": 0.75, "brake": 0.0}