{"x": -5455232.278437285, "y": -584247.7235537479, "theta": 4.713932991027832, "speed": 4.128679317749359, "target_speed": 4, "x_command": -5455203.338722411, "y_command": -584255.9358977264, "command": 4, "steer": 0.015, "throttle": 0.059576340131826, "brake": 0.0}