{"x": -5455232.208915049, "y": -584249.0010912103, "theta": 4.754500865936279, "speed": 3.6830932854758354, "target_speed": 4, "x_command": -5455203.338722411, "y_command": -584255.9358977264, "command": 4, "steer": 0.116, "throttle": 0.75, "brake": 0.0}