{"x": -5455231.906471951, "y": -584250.2894802351, "theta": 4.868251323699951, "speed": 3.988162351592391, "target_speed": 4, "x_command": -5455203.338722411, "y_command": -584255.9358977264, "command": 4, "steer": 0.264, "throttle": 0.11945684077298366, "brake": 0.0}