{"x": -5455231.274240749, "y": -584251.4629374252, "theta": 5.045045852661133, "speed": 3.972496069403436, "target_speed": 4, "x_command": -5455203.338722411, "y_command": -584255.9358977264, "command": 4, "steer": 0.292, "throttle": 0.10994825366487931, "brake": 0.0}