{"x": -5455230.231590298, "y": -584252.5696409896, "theta": 5.257007598876953, "speed": 3.6728623814290984, "target_speed": 4, "x_command": -5455203.338722411, "y_command": -584255.9358977264, "command": 4, "steer": 0.293, "throttle": 0.75, "brake": 0.0}