{"x": -5455228.813129119, "y": -584253.4927145218, "theta": 5.477928161621094, "speed": 4.126511283360561, "target_speed": 4, "x_command": -5455203.338722411, "y_command": -584255.9358977264, "command": 4, "steer": 0.338, "throttle": 0.053464799858597555, "brake": 0.0}