{"x": -5455227.193059555, "y": -584254.176633548, "theta": 5.696077346801758, "speed": 3.9032715553910466, "target_speed": 4, "x_command": -5455203.338722411, "y_command": -584255.9358977264, "command": 4, "steer": 0.243, "throttle": 0.45529857995324086, "brake": 0.0}