{"x": -5455225.340710029, "y": -584254.6931307493, "theta": 5.871092796325684, "speed": 3.7150353909937732, "target_speed": 4, "x_command": -5455203.338722411, "y_command": -584255.9358977264, "command": 4, "steer": 0.192, "throttle": 0.75, "brake": 0.0}