{"x": -5455223.472765305, "y": -584255.0237132965, "theta": 6.0037336349487305, "speed": 4.192313127881795, "target_speed": 7.0, "x_command": -5455203.338722411, "y_command": -584255.9358977264, "command": 4, "steer": 0.132, "throttle": 0.75, "brake": 0.0}