{"x": -5455221.338817147, "y": -584255.2717086286, "theta": 6.102899551391602, "speed": 4.451732918008051, "target_speed": 7.0, "x_command": -5455203.338722411, "y_command": -584255.9358977264, "command": 4, "steer": 0.072, "throttle": 0.75, "brake": 0.0}