{"x": -5455219.145875799, "y": -584255.4602094757, "theta": 6.144439220428467, "speed": 4.130343497653495, "target_speed": 0.0, "x_command": -5455203.338722411, "y_command": -584255.9358977264, "command": 4, "steer": 0.037, "throttle": 0.0, "brake": 1.0}