{"x": -5455217.903844847, "y": -584255.5578591462, "theta": 6.156989097595215, "speed": 0.5580733514731567, "target_speed": 0.0, "x_command": -5455203.338722411, "y_command": -584255.9358977264, "command": 4, "steer": 0.0295, "throttle": 0.0, "brake": 1.0}