{"x": -5455217.892644379, "y": -584255.5590308633, "theta": 6.1570024490356445, "speed": -0.0001234506411711758, "target_speed": 0.0, "x_command": -5455203.338722411, "y_command": -584255.9358977264, "command": 4, "steer": 0.0265, "throttle": 0.0, "brake": 1.0}