{"x": -5455217.892491786, "y": -584255.559039779, "theta": 6.157002925872803, "speed": -1.339519519242916e-05, "target_speed": 0.0, "x_command": -5455203.338722411, "y_command": -584255.9358977264, "command": 4, "steer": 0.0265, "throttle": 0.0, "brake": 1.0}