{"x": -5455217.891240508, "y": -584255.559134724, "theta": 6.157046794891357, "speed": 0.006828131118072863, "target_speed": 7.0, "x_command": -5455203.338722411, "y_command": -584255.9358977264, "command": 4, "steer": 0.055, "throttle": 0.75, "brake": 0.0}