{"x": -5455217.699764425, "y": -584255.57204035, "theta": 6.16411018371582, "speed": 1.0427661431392243, "target_speed": 7.0, "x_command": -5455203.338722411, "y_command": -584255.9358977264, "command": 4, "steer": 0.049, "throttle": 0.75, "brake": 0.0}