{"x": -5455216.750624127, "y": -584255.6271105896, "theta": 6.182616233825684, "speed": 2.6283373674825756, "target_speed": 7.0, "x_command": -5455203.338722411, "y_command": -584255.9358977264, "command": 4, "steer": 0.043, "throttle": 0.75, "brake": 0.0}