{"x": -5455215.1207274515, "y": -584255.7023498192, "theta": 6.207647800445557, "speed": 3.847269254398961, "target_speed": 7.0, "x_command": -5455203.338722411, "y_command": -584255.9358977264, "command": 4, "steer": 0.038, "throttle": 0.75, "brake": 0.0}