{"x": -5455213.062954669, "y": -584255.7670800391, "theta": 6.2346343994140625, "speed": 4.146991590125173, "target_speed": 7.0, "x_command": -5455203.338722411, "y_command": -584255.9358977264, "command": 4, "steer": 0.024, "throttle": 0.75, "brake": 0.0}