{"x": -5455210.795669082, "y": -584255.8117030535, "theta": 6.249975681304932, "speed": 5.105649830149463, "target_speed": 7.0, "x_command": -5455152.336363424, "y_command": -584255.9315291654, "command": 4, "steer": 0.014, "throttle": 0.75, "brake": 0.0}