{"x": -5455207.979499633, "y": -584255.8522975568, "theta": 6.26405143737793, "speed": 6.109558726759843, "target_speed": 7.0, "x_command": -5455152.336363424, "y_command": -584255.9315291654, "command": 4, "steer": 0.007, "throttle": 0.75, "brake": 0.0}