{"x": -5455204.6783225415, "y": -584255.8913034926, "theta": 6.2675909996032715, "speed": 7.054446152976502, "target_speed": 7.0, "x_command": -5455152.336363424, "y_command": -584255.9315291654, "command": 4, "steer": 0.008, "throttle": 0.08246470539418929, "brake": 0.0}