{"x": -5455201.166961231, "y": -584255.9024517772, "theta": 6.281641483306885, "speed": 6.758159851658105, "target_speed": 7.0, "x_command": -5455152.336363424, "y_command": -584255.9315291654, "command": 4, "steer": -0.003, "throttle": 0.75, "brake": 0.0}