{"x": -5455197.721459883, "y": -584255.8995748056, "theta": 0.002416869392618537, "speed": 7.127446089221297, "target_speed": 7.0, "x_command": -5455152.336363424, "y_command": -584255.9315291654, "command": 4, "steer": -0.009, "throttle": 0.07739455558439004, "brake": 0.0}