{"x": -5455194.289173254, "y": -584255.8999461387, "theta": 6.2805562019348145, "speed": 6.7038558316897445, "target_speed": 7.0, "x_command": -5455152.336363424, "y_command": -584255.9315291654, "command": 4, "steer": -0.005, "throttle": 0.75, "brake": 0.0}