{"x": -5455190.802623874, "y": -584255.9135997492, "theta": 6.277439117431641, "speed": 7.014499225013114, "target_speed": 7.0, "x_command": -5455152.336363424, "y_command": -584255.9315291654, "command": 4, "steer": -0.001, "throttle": 0.04851930411775958, "brake": 0.0}