{"x": -5455187.411507347, "y": -584255.9285037544, "theta": 6.276323318481445, "speed": 6.861867607799045, "target_speed": 7.0, "x_command": -5455152.336363424, "y_command": -584255.9315291654, "command": 4, "steer": 0.003, "throttle": 0.6876668238697716, "brake": 0.0}