{"x": -5455183.9058836065, "y": -584255.9415179334, "theta": 6.279294490814209, "speed": 6.804626462310711, "target_speed": 7.0, "x_command": -5455152.336363424, "y_command": -584255.9315291654, "command": 4, "steer": 0.005, "throttle": 0.75, "brake": 0.0}