{"x": -5455180.496852438, "y": -584255.9438838918, "theta": 0.0011960399569943547, "speed": 7.092235071796522, "target_speed": 7.0, "x_command": -5455152.336363424, "y_command": -584255.9315291654, "command": 4, "steer": 0.003, "throttle": 0.058787619181813966, "brake": 0.0}