{"x": -5455177.031635826, "y": -584255.9408689607, "theta": 0.001035801018588245, "speed": 6.688543386216152, "target_speed": 7.0, "x_command": -5455152.336363424, "y_command": -584255.9315291654, "command": 4, "steer": 0.002, "throttle": 0.75, "brake": 0.0}