{"x": -5455173.5896746805, "y": -584255.9317112344, "theta": 0.005545815918594599, "speed": 6.999765276131268, "target_speed": 7.0, "x_command": -5455152.336363424, "y_command": -584255.9315291654, "command": 4, "steer": -0.004, "throttle": 0.004655123684074378, "brake": 0.0}