{"x": -5455170.080113989, "y": -584255.921831176, "theta": 0.00048828125, "speed": 7.154645465892203, "target_speed": 7.0, "x_command": -5455152.336363424, "y_command": -584255.9315291654, "command": 4, "steer": -0.002, "throttle": 0.05053446266932406, "brake": 0.0}