{"x": -5455166.593869801, "y": -584255.9293158697, "theta": 6.2798919677734375, "speed": 6.827502044067043, "target_speed": 7.0, "x_command": -5455152.336363424, "y_command": -584255.9315291654, "command": 4, "steer": 0.001, "throttle": 0.75, "brake": 0.0}