{"x": -5455163.105672397, "y": -584255.9287466694, "theta": 6.282840251922607, "speed": 6.955311727053428, "target_speed": 7.0, "x_command": -5455152.336363424, "y_command": -584255.9315291654, "command": 4, "steer": -0.001, "throttle": 0.28929679728234126, "brake": 0.0}