{"x": -5455159.64987089, "y": -584255.9299875228, "theta": 6.281940460205078, "speed": 7.0468537648204626, "target_speed": 7.0, "x_command": -5455101.332722624, "y_command": -584255.9466105471, "command": 4, "steer": -0.0, "throttle": 0.028639924796933214, "brake": 0.0}