{"x": -5455156.141591999, "y": -584255.9381540366, "theta": 6.281494140625, "speed": 6.98994789030822, "target_speed": 7.0, "x_command": -5455101.332722624, "y_command": -584255.9466105471, "command": 4, "steer": 0.003, "throttle": 0.07755115916334893, "brake": 0.0}