{"x": -5455152.858237991, "y": -584255.9284831074, "theta": 0.0041143340058624744, "speed": 6.567228957599314, "target_speed": 7.0, "x_command": -5455101.332722624, "y_command": -584255.9466105471, "command": 4, "steer": -0.003, "throttle": 0.75, "brake": 0.0}