{"x": -5455149.384994889, "y": -584255.9245642443, "theta": 6.2826972007751465, "speed": 7.0697923060424355, "target_speed": 7.0, "x_command": -5455101.332722624, "y_command": -584255.9466105471, "command": 4, "steer": -0.001, "throttle": 0.051393752604069184, "brake": 0.0}