{"x": -5455145.991131653, "y": -584255.9318895494, "theta": 6.280423164367676, "speed": 6.781190800995915, "target_speed": 7.0, "x_command": -5455101.332722624, "y_command": -584255.9466105471, "command": 4, "steer": 0.002, "throttle": 0.75, "brake": 0.0}