{"x": -5455142.516499936, "y": -584255.9391327358, "theta": 6.278831958770752, "speed": 6.92396781620975, "target_speed": 7.0, "x_command": -5455101.332722624, "y_command": -584255.9466105471, "command": 4, "steer": 0.005, "throttle": 0.5116486559792247, "brake": 0.0}