{"x": -5455138.984309419, "y": -584255.9320861652, "theta": 0.00438095023855567, "speed": 7.067526906660007, "target_speed": 7.0, "x_command": -5455101.332722624, "y_command": -584255.9466105471, "command": 4, "steer": -0.004, "throttle": 0.0416652496541662, "brake": 0.0}