{"x": -5455135.532093893, "y": -584255.9332844731, "theta": 0.0, "speed": 6.9395615053183395, "target_speed": 7.0, "x_command": -5455101.332722624, "y_command": -584255.9466105471, "command": 4, "steer": -0.0, "throttle": 0.2956111842326761, "brake": 0.0}