{"x": -5455132.043820193, "y": -584255.9301806974, "theta": 0.0015822122804820538, "speed": 6.839647146449303, "target_speed": 7.0, "x_command": -5455101.332722624, "y_command": -584255.9466105471, "command": 4, "steer": -0.003, "throttle": 0.75, "brake": 0.0}