{"x": -5455128.5646716645, "y": -584255.9210168709, "theta": 0.0009765625, "speed": 7.032721354634224, "target_speed": 7.0, "x_command": -5455101.332722624, "y_command": -584255.9466105471, "command": 4, "steer": -0.005, "throttle": 0.026966141786309163, "brake": 0.0}