{"x": -5455125.093748004, "y": -584255.9296288594, "theta": 6.277377128601074, "speed": 6.594379208017319, "target_speed": 7.0, "x_command": -5455101.332722624, "y_command": -584255.9466105471, "command": 4, "steer": 0.002, "throttle": 0.75, "brake": 0.0}