{"x": -5455121.828095004, "y": -584255.9447430886, "theta": 6.2765889167785645, "speed": 6.790602858493178, "target_speed": 7.0, "x_command": -5455101.332722624, "y_command": -584255.9466105471, "command": 4, "steer": 0.006, "throttle": 0.75, "brake": 0.0}