{"x": -5455118.317984973, "y": -584255.9456375573, "theta": 0.0018911054357886314, "speed": 6.865242461637567, "target_speed": 7.0, "x_command": -5455101.332722624, "y_command": -584255.9466105471, "command": 4, "steer": -0.001, "throttle": 0.75, "brake": 0.0}