{"x": -5455114.924549002, "y": -584255.9347594824, "theta": 0.005491814576089382, "speed": 7.023084618928996, "target_speed": 7.0, "x_command": -5455101.332722624, "y_command": -584255.9466105471, "command": 4, "steer": -0.005, "throttle": 0.006431007692228763, "brake": 0.0}