{"x": -5455111.437969105, "y": -584255.9341674453, "theta": 6.282840251922607, "speed": 6.711285899325355, "target_speed": 7.0, "x_command": -5455101.332722624, "y_command": -584255.9466105471, "command": 4, "steer": -0.001, "throttle": 0.75, "brake": 0.0}