{"x": -5455107.98776783, "y": -584255.929870836, "theta": 0.0005980199784971774, "speed": 7.117020443725013, "target_speed": 7.0, "x_command": -5455049.330348174, "y_command": -584255.9644286729, "command": 4, "steer": -0.004, "throttle": 0.05206020468362701, "brake": 0.0}