{"x": -5455104.566651142, "y": -584255.9420190924, "theta": 6.278928756713867, "speed": 6.7453471329429275, "target_speed": 7.0, "x_command": -5455049.330348174, "y_command": -584255.9644286729, "command": 4, "steer": 0.001, "throttle": 0.75, "brake": 0.0}