{"x": -5455101.067344829, "y": -584255.9541799404, "theta": 6.2776288986206055, "speed": 6.952797378691298, "target_speed": 7.0, "x_command": -5455049.330348174, "y_command": -584255.9644286729, "command": 4, "steer": 0.006, "throttle": 0.33344518677328594, "brake": 0.0}