{"x": -5455097.67474813, "y": -584255.9650133584, "theta": 6.279056549072266, "speed": 6.9469665172033155, "target_speed": 7.0, "x_command": -5455049.330348174, "y_command": -584255.9644286729, "command": 4, "steer": 0.008, "throttle": 0.2507504903176505, "brake": 0.0}