{"x": -5455094.17960766, "y": -584255.9641183423, "theta": 0.004967532120645046, "speed": 6.730551828744526, "target_speed": 7.0, "x_command": -5455049.330348174, "y_command": -584255.9644286729, "command": 4, "steer": 0.0, "throttle": 0.75, "brake": 0.0}