{"x": -5455090.750021956, "y": -584255.9443268639, "theta": 0.0089570302516222, "speed": 7.127606079662671, "target_speed": 7.0, "x_command": -5455049.330348174, "y_command": -584255.9644286729, "command": 4, "steer": -0.007, "throttle": 0.055181406436792944, "brake": 0.0}