{"x": -5455087.312913323, "y": -584255.9421177914, "theta": 0.0003452669770922512, "speed": 6.704729145317341, "target_speed": 7.0, "x_command": -5455049.330348174, "y_command": -584255.9644286729, "command": 4, "steer": -0.002, "throttle": 0.75, "brake": 0.0}