{"x": -5455083.825814602, "y": -584255.9467872197, "theta": 6.278017997741699, "speed": 7.025429152711522, "target_speed": 7.0, "x_command": -5455049.330348174, "y_command": -584255.9644286729, "command": 4, "steer": 0.002, "throttle": 0.05068603268359946, "brake": 0.0}