{"x": -5455080.429937112, "y": -584255.9558255218, "theta": 6.281529426574707, "speed": 6.864939570400873, "target_speed": 7.0, "x_command": -5455049.330348174, "y_command": -584255.9644286729, "command": 4, "steer": 0.0, "throttle": 0.6748266269699086, "brake": 0.0}