{"x": -5455076.924984786, "y": -584255.9562883588, "theta": 6.280947685241699, "speed": 6.798424474563004, "target_speed": 7.0, "x_command": -5455049.330348174, "y_command": -584255.9644286729, "command": 4, "steer": 0.002, "throttle": 0.75, "brake": 0.0}