{"x": -5455073.516365623, "y": -584255.9584709187, "theta": 0.0003452669770922512, "speed": 7.094618881897079, "target_speed": 7.0, "x_command": -5455049.330348174, "y_command": -584255.9644286729, "command": 4, "steer": 0.0, "throttle": 0.058421811837726656, "brake": 0.0}