{"x": -5455070.05116427, "y": -584255.9538085291, "theta": 0.003201875602826476, "speed": 6.688495890662249, "target_speed": 7.0, "x_command": -5455049.330348174, "y_command": -584255.9644286729, "command": 4, "steer": -0.003, "throttle": 0.75, "brake": 0.0}