{"x": -5455066.609599867, "y": -584255.9515931999, "theta": 0.0019531252328306437, "speed": 6.997036886595025, "target_speed": 0.0, "x_command": -5455049.330348174, "y_command": -584255.9644286729, "command": 4, "steer": -0.0015, "throttle": 0.0, "brake": 1.0}