{"x": -5455063.963985736, "y": -584255.9608242074, "theta": 6.278205871582031, "speed": 3.095864892484635, "target_speed": 0.0, "x_command": -5455049.330348174, "y_command": -584255.9644286729, "command": 4, "steer": 0.002, "throttle": 0.0, "brake": 1.0}