{"x": -5455063.516669037, "y": -584255.9621684521, "theta": 6.278451442718506, "speed": -0.0008785003876606435, "target_speed": 0.0, "x_command": -5455049.330348174, "y_command": -584255.9644286729, "command": 4, "steer": 0.002, "throttle": 0.0, "brake": 1.0}