{"x": -5455063.516043398, "y": -584255.9621714241, "theta": 6.278451442718506, "speed": -6.374521869211874e-05, "target_speed": 0.0, "x_command": -5455049.330348174, "y_command": -584255.9644286729, "command": 4, "steer": 0.0025, "throttle": 0.0, "brake": 1.0}