{"x": -5455063.515982361, "y": -584255.9621716586, "theta": 6.278451442718506, "speed": -4.026987933147194e-06, "target_speed": 0.0, "x_command": -5455049.330348174, "y_command": -584255.9644286729, "command": 4, "steer": 0.003, "throttle": 0.0, "brake": 1.0}