{"x": -5455063.515005751, "y": -584255.9622350857, "theta": 6.278501987457275, "speed": 0.029149123967393022, "target_speed": 7.0, "x_command": -5455049.330348174, "y_command": -584255.9644286729, "command": 4, "steer": 0.006, "throttle": 0.75, "brake": 0.0}