{"x": -5455063.258035934, "y": -584255.9609518433, "theta": 6.277650356292725, "speed": 1.093113896617106, "target_speed": 7.0, "x_command": -5455049.330348174, "y_command": -584255.9644286729, "command": 4, "steer": 0.007, "throttle": 0.75, "brake": 0.0}