{"x": -5455062.386963192, "y": -584255.9609705351, "theta": 6.280921459197998, "speed": 2.3441567949953006, "target_speed": 7.0, "x_command": -5455049.330348174, "y_command": -584255.9644286729, "command": 4, "steer": 0.004, "throttle": 0.75, "brake": 0.0}