{"x": -5455060.95717947, "y": -584255.9577548432, "theta": 0.000845727976411581, "speed": 3.112433303783182, "target_speed": 7.0, "x_command": -5455049.330348174, "y_command": -584255.9644286729, "command": 4, "steer": 0.0, "throttle": 0.75, "brake": 0.0}