{"x": -5455059.4173595635, "y": -584255.957657552, "theta": 6.282840251922607, "speed": 3.0252086793401576, "target_speed": 7.0, "x_command": -5455049.330348174, "y_command": -584255.9644286729, "command": 4, "steer": 0.0, "throttle": 0.75, "brake": 0.0}