{"x": -5455057.679700364, "y": -584255.9599442853, "theta": 6.281566143035889, "speed": 3.987902194749524, "target_speed": 7.0, "x_command": -5455049.330348174, "y_command": -584255.9644286729, "command": 4, "steer": 0.001, "throttle": 0.75, "brake": 0.0}