{"x": -5455052.6243990855, "y": -584255.9591513312, "theta": 0.0, "speed": 5.8591693011037425, "target_speed": 7.0, "x_command": -5454998.328004409, "y_command": -584255.9819041679, "command": 4, "steer": -0.001, "throttle": 0.75, "brake": 0.0}