{"x": -5455049.705670596, "y": -584255.9595535565, "theta": 6.2816033363342285, "speed": 6.147066930769402, "target_speed": 7.0, "x_command": -5454998.328004409, "y_command": -584255.9819041679, "command": 4, "steer": -0.0, "throttle": 0.75, "brake": 0.0}