{"x": -5455046.331110616, "y": -584255.9634826649, "theta": 6.280974864959717, "speed": 7.1884497403122385, "target_speed": 7.0, "x_command": -5454998.328004409, "y_command": -584255.9819041679, "command": 4, "steer": 0.001, "throttle": 0.11171147603844127, "brake": 0.0}