{"x": -5455042.844317082, "y": -584255.9749467549, "theta": 6.276271343231201, "speed": 6.7090680162652925, "target_speed": 7.0, "x_command": -5454998.328004409, "y_command": -584255.9819041679, "command": 4, "steer": 0.007, "throttle": 0.75, "brake": 0.0}