{"x": -5455039.380794274, "y": -584255.9742743196, "theta": 0.002210787730291486, "speed": 7.094576408600216, "target_speed": 7.0, "x_command": -5454998.328004409, "y_command": -584255.9819041679, "command": 4, "steer": 0.0, "throttle": 0.07285675476900008, "brake": 0.0}