{"x": -5455035.966880066, "y": -584255.9623844635, "theta": 0.004809017293155193, "speed": 6.774546848541516, "target_speed": 7.0, "x_command": -5454998.328004409, "y_command": -584255.9819041679, "command": 4, "steer": -0.005, "throttle": 0.75, "brake": 0.0}