{"x": -5455032.488364807, "y": -584255.9567616755, "theta": 0.0017605233006179333, "speed": 6.995579043038652, "target_speed": 7.0, "x_command": -5454998.328004409, "y_command": -584255.9819041679, "command": 4, "steer": -0.005, "throttle": 0.02117794969418449, "brake": 0.0}