{"x": -5455028.959333004, "y": -584255.9615803255, "theta": 6.27910041809082, "speed": 7.066282915693098, "target_speed": 7.0, "x_command": -5454998.328004409, "y_command": -584255.9819041679, "command": 4, "steer": 0.0, "throttle": 0.04043744751357944, "brake": 0.0}