{"x": -5455025.508567128, "y": -584255.9714838464, "theta": 6.2812018394470215, "speed": 6.941654094243395, "target_speed": 7.0, "x_command": -5454998.328004409, "y_command": -584255.9819041679, "command": 4, "steer": -0.0, "throttle": 0.2764513039628205, "brake": 0.0}