{"x": -5455022.01950756, "y": -584255.9717336438, "theta": 0.0, "speed": 6.84030129226199, "target_speed": 7.0, "x_command": -5454998.328004409, "y_command": -584255.9819041679, "command": 4, "steer": -0.001, "throttle": 0.75, "brake": 0.0}