{"x": -5455018.541274602, "y": -584255.9692002414, "theta": 6.281494140625, "speed": 7.038435859664902, "target_speed": 7.0, "x_command": -5454998.328004409, "y_command": -584255.9819041679, "command": 4, "steer": 0.0, "throttle": 0.027623429051195515, "brake": 0.0}