{"x": -5455015.069908413, "y": -584255.9750833067, "theta": 6.277671813964844, "speed": 6.603950770205553, "target_speed": 7.0, "x_command": -5454998.328004409, "y_command": -584255.9819041679, "command": 4, "steer": 0.004, "throttle": 0.75, "brake": 0.0}