{"x": -5455011.794908975, "y": -584255.9774857883, "theta": 6.2831854820251465, "speed": 6.819057849844501, "target_speed": 7.0, "x_command": -5454998.328004409, "y_command": -584255.9819041679, "command": 4, "steer": -0.0, "throttle": 0.75, "brake": 0.0}