{"x": -5455008.28271602, "y": -584255.9867728711, "theta": 6.27825403213501, "speed": 6.846292916339221, "target_speed": 7.0, "x_command": -5454998.328004409, "y_command": -584255.9819041679, "command": 4, "steer": 0.006, "throttle": 0.75, "brake": 0.0}