{"x": -5455004.9002974015, "y": -584255.9951740883, "theta": 6.281056880950928, "speed": 7.001052470155411, "target_speed": 7.0, "x_command": -5454955.32784417, "y_command": -584255.9738711556, "command": 4, "steer": 0.005, "throttle": 0.0, "brake": 0.0}