{"x": -5455001.422278075, "y": -584255.9950362853, "theta": 0.002042627427726984, "speed": 6.9586577369362805, "target_speed": 7.0, "x_command": -5454955.32784417, "y_command": -584255.9738711556, "command": 4, "steer": 0.003, "throttle": 0.21914731369444734, "brake": 0.0}