{"x": -5454997.878101228, "y": -584255.9832424689, "theta": 0.004528137855231762, "speed": 6.953139154014694, "target_speed": 7.0, "x_command": -5454955.32784417, "y_command": -584255.9738711556, "command": 4, "steer": -0.002, "throttle": 0.3134710942085828, "brake": 0.0}