{"x": -5454994.427434537, "y": -584255.9816870616, "theta": 0.001423572306521237, "speed": 7.052218183655568, "target_speed": 7.0, "x_command": -5454955.32784417, "y_command": -584255.9738711556, "command": 4, "steer": -0.001, "throttle": 0.04369549643380214, "brake": 0.0}