{"x": -5454990.959372031, "y": -584255.9768617641, "theta": 0.0015822122804820538, "speed": 6.860034084294465, "target_speed": 7.0, "x_command": -5454955.32784417, "y_command": -584255.9738711556, "command": 4, "steer": -0.002, "throttle": 0.7013384722212384, "brake": 0.0}