{"x": -5454987.4581125, "y": -584255.9813515479, "theta": 6.2826972007751465, "speed": 7.020654021329766, "target_speed": 7.0, "x_command": -5454955.32784417, "y_command": -584255.9738711556, "command": 4, "steer": -0.0, "throttle": 0.025653515579139096, "brake": 0.0}