{"x": -5454984.053392136, "y": -584255.9893456906, "theta": 6.280601501464844, "speed": 6.424438253910948, "target_speed": 7.0, "x_command": -5454955.32784417, "y_command": -584255.9738711556, "command": 4, "steer": 0.004, "throttle": 0.75, "brake": 0.0}