{"x": -5454980.746614808, "y": -584255.9898355094, "theta": 0.000845727976411581, "speed": 6.987691602338526, "target_speed": 7.0, "x_command": -5454955.32784417, "y_command": -584255.9738711556, "command": 4, "steer": 0.002, "throttle": 0.02219507361065895, "brake": 0.0}