{"x": -5454977.2497500125, "y": -584255.9864324303, "theta": 0.0012448779307305813, "speed": 6.714578384336564, "target_speed": 7.0, "x_command": -5454955.32784417, "y_command": -584255.9738711556, "command": 4, "steer": 0.002, "throttle": 0.75, "brake": 0.0}