{"x": -5454973.8264435865, "y": -584255.9797182451, "theta": 0.002762136748060584, "speed": 7.126624174691172, "target_speed": 7.0, "x_command": -5454955.32784417, "y_command": -584255.9738711556, "command": 4, "steer": -0.001, "throttle": 0.06732716777214119, "brake": 0.0}