{"x": -5454970.3793171, "y": -584255.971261813, "theta": 0.0034004871267825365, "speed": 6.720987958184462, "target_speed": 7.0, "x_command": -5454955.32784417, "y_command": -584255.9738711556, "command": 4, "steer": -0.004, "throttle": 0.75, "brake": 0.0}