{"x": -5454966.892317563, "y": -584255.9756919238, "theta": 6.280401706695557, "speed": 7.018535692479556, "target_speed": 7.0, "x_command": -5454955.32784417, "y_command": -584255.9738711556, "command": 4, "steer": 0.002, "throttle": 0.05064787226691088, "brake": 0.0}