{"x": -5454963.498503919, "y": -584255.9731202775, "theta": 0.006757020950317383, "speed": 6.870351391735668, "target_speed": 7.0, "x_command": -5454955.32784417, "y_command": -584255.9738711556, "command": 4, "steer": -0.007, "throttle": 0.6437134152048416, "brake": 0.0}